amount,balance,is_fraud
867.4103645810987,8055.986494346431,1
719.7701144898762,235.21506860983865,1
699.146455978525,6880.464264614843,0
802.8136866373335,6882.355870362247,1
956.6232159628125,1516.4709098580354,0
843.2120986799323,1418.9501553801776,1
163.2550338805182,8176.350465042513,0
204.6540028064125,4878.927004307543,0
141.26418644049983,1876.8336116002038,0
506.4670164443301,3634.8427009689076,0
252.87313190520706,9376.733510709442,1
978.7242023659602,9828.805776714093,0
975.1075044268687,7802.619321658185,1
533.2816541715896,6979.251565473112,1
979.6611000581648,3406.2046121279345,0
268.3112693680286,2502.4035822180545,1
699.982509845437,3373.704963690376,1
977.4783774761419,5764.167677959643,0
190.1083159662556,5515.096825619771,0
684.4383754066968,3495.504119474638,0
285.4118845627046,9238.23781099713,1
144.70851550932747,2880.4856020903103,0
117.81460558778895,6065.689356110655,0
584.831702849095,6806.941219297844,0
86.56243309366842,7051.4528524395,1
688.0567094372204,773.256393123769,0
510.1495654634918,8451.956344791943,1
463.77300644316813,7531.308016999538,0
238.99979231591425,1262.6850173971281,1
940.0999334727206,7382.363295903877,0
520.4526411996217,7933.392070983829,1
391.14579286285954,5566.1574580426095,0
820.9345617998756,8165.859591471136,1
469.0321751915973,4821.71509440955,1
206.07875416868552,8463.697895097417,0
325.3745237937113,5409.868679213388,0
613.4444818042834,9995.090507886489,0
523.5670293577715,8287.56899694856,1
799.617336936437,6077.127761171237,0
958.6899624768853,1908.1423461776715,1
801.2420863787004,2200.5455044153045,1
499.0698479674204,9688.026246249692,0
426.6449898105527,6724.216717305182,1
418.7044723436192,3284.572406183012,1
277.1785909660146,8338.929736982927,0
372.51041472076736,1861.09580175289,0
565.4504434403477,6151.378720984093,0
895.4323804114565,9871.244275294817,0
235.10810863442092,777.756010223265,1
590.5580861853513,688.4068704598734,1
359.0573478707933,8075.050812895246,0
202.11975123827446,6431.150273039352,0
829.4489576290051,4638.106944724779,1
751.8362305031666,5621.151555974744,1
383.67059423520914,6760.267529886641,1
306.275543568535,851.4867077521882,0
468.18501633011243,1399.4335653082935,1
758.3954086661445,2111.669157106916,0
720.3034215936655,9744.71316137569,1
688.8949971482116,1958.5664690650851,0
516.7857561180213,8342.476369976812,1
65.90976194806416,5323.2253811234505,0
865.5788178143807,4570.22422799555,0
714.8764344687069,5016.9315183925155,0
334.7593698373841,451.39643604168,1
73.10310680765463,8078.400630303858,0
357.1261998856729,5953.879437817136,0
747.8861867686478,7599.81128416941,0
121.92160483272735,369.4798684302525,0
952.177229020404,215.5450666611236,1
256.18127800708487,4670.032286598253,0
917.8833753199691,4611.431707850798,1
337.17015239260684,6743.791672259987,1
842.3830915092876,9526.005239807117,1
298.345878837988,4039.7566997896606,1
57.64574407426213,8183.368502003813,1
347.6256508252251,7443.593235798004,1
53.067428005502975,2177.63229973439,0
112.12728119681258,1968.3696495542004,1
388.6581142374766,7288.386825557482,1
917.2816839966163,5064.595116825198,0
299.03036685716575,2139.5523447261457,1
705.6827670537815,2409.4764415006644,1
181.94860015805878,2770.434567180209,0
125.56623049711905,9507.581144243028,0
140.67889345043886,1466.2135552829648,0
831.3022768077259,6068.882738625928,1
597.695656402078,8278.499785294684,0
411.215212140459,4747.463307733128,0
532.9877900567875,9066.402440510436,1
925.7880338840632,448.52939170769935,0
439.686117942118,6473.475830637147,0
164.06511718357137,5486.607644266116,0
394.1105397491947,3654.2709566599065,1
408.74886402791793,3525.270424617619,1
881.2121498047782,1472.8419176753737,1
222.45747058465227,4462.247713353689,1
215.17774874088482,6123.042444028118,1
707.6191068423459,9113.889038665166,1
224.84682518532458,7523.653201588939,0
686.1377278677696,5996.589421657047,0
372.0166775922966,9619.87383407674,0
992.8857470837775,2330.2612474522834,1
699.9700062522467,1066.2408667962752,0
268.01197012770524,3307.9078141695427,0
332.50200843459874,8548.25256554121,1
248.13135774488876,8585.27315152502,1
398.40334064561466,1541.288936036751,0
739.137875014805,7806.149610689925,0
880.3871854212357,269.31383924522544,1
150.31275783291147,9088.800262084416,1
556.2466085496319,5422.443782739607,1
504.84304892861,2451.7865414094363,1
193.63976664713476,6010.182279273639,0
113.84402802913515,9821.920979448887,0
247.34609059194892,1311.2744408790466,0
155.72571446538737,3935.4602398816396,0
763.6699921083823,5835.733431608914,1
380.56277478929076,4390.965784883219,1
945.5245560584917,8629.779883958836,0
314.94422925666646,7664.522419654324,1
155.75500815447305,4338.393066082028,1
741.6368307315454,8380.566259350499,0
943.1463047968002,2419.0955204824736,0
63.636594645155995,8137.415274824348,0
671.5186095131294,3883.2105329517776,1
466.6048176406059,4195.718491340194,0
65.72906829927497,2787.33273923942,0
820.2081430573261,3964.34701174046,1
599.038026383888,9162.900840986615,0
107.52642101142827,1253.4304556094755,0
229.85131932610045,8568.217307201277,1
273.2172594407023,5804.593105022816,1
81.67344959477042,3615.1399200687497,0
371.1356739245675,9309.46690974316,0
955.0850828170242,2472.615699620957,1
660.8276703009901,9373.205989570515,0
930.1206792559295,20.441028135245176,0
976.9378943278801,4648.0784194096805,0
175.99596845567442,6327.33602238866,1
351.1987595857725,2231.285620673017,0
346.75194351246404,1329.7296089269528,1
708.7628875028065,1588.449380920801,1
234.6888569623279,7399.667118943324,1
361.8739517902168,7268.6318315943,0
132.44301135460336,7292.318972496987,1
381.43794206310764,4145.8650404300615,0
276.33735356900655,4662.505377959577,0
927.6352396001002,9555.85267926638,1
808.4572742657067,7439.175656155708,1
86.05052398073224,9673.016406773779,1
672.4673180978166,8584.371757491213,0
989.558324691145,7186.492295689139,0
250.95464099304854,979.4467314680388,0
189.3178800792545,2288.11065206307,0
323.08513785106186,2238.0890625342277,1
91.60839257409981,1336.5173854707025,1
975.8701986643679,6611.524680861006,0
973.0526710677506,3690.795172299618,1
643.2577883493656,972.7714087281647,0
785.0236889391714,6778.571931835864,1
615.0766760208106,8575.66379282405,0
994.4343208639291,6697.322721259139,0
293.09669511128163,1368.4686610954077,0
848.7489676372244,2811.7374253435232,0
287.73715487391985,3201.8396346224386,0
701.7294076402703,8024.6008543415555,0
867.3417601315342,1336.2536347359267,0
134.68416063570945,989.201671693788,0
340.7006495763342,8886.1183265043,1
100.35409872631321,3877.9242263393253,1
23.823383174303157,6628.081209289903,0
725.5317382915935,6917.424250193539,0
320.00009751015625,4667.6979151345295,1
98.18601672939279,4245.298274482402,1
399.6913295863134,6027.856614796274,0
971.6108607977734,5059.769365336228,0
274.96962903845434,7832.485379580066,0
596.185444661302,7154.830499980875,0
881.0177397269294,3180.8741439268283,1
770.212790344167,3773.021813891827,1
455.5618224694773,5296.169078803699,1
64.59408755368517,5511.976024084196,0
283.9503358528752,5660.951918847101,0
706.0187268094452,7041.915030464855,1
759.6105192258252,4712.740960452457,0
760.6385291416774,6711.18410776048,1
732.2893216072131,549.5942028074041,1
496.4737250881872,3036.153294347623,0
795.1397570284644,2012.0570160478712,1
656.7586125616009,1987.0027952766222,0
675.5203838144623,9398.955981964033,0
964.4772238669264,765.2349582643136,1
961.1120365871111,7814.157995215482,0
607.7591287545371,3327.874116815491,0
296.4158222096443,2333.6820453044584,1
280.27918700118346,4321.76916618489,0
617.8967617869127,9688.114148913684,1
404.885478815832,5419.004839982607,1
648.4016102797295,3477.8466503343884,1
486.11901418015884,6040.560583030673,1
709.0878418860023,4921.469952268822,0
678.6362641305195,4758.935198788124,0
737.8233710973767,7868.0207862101,1
772.1289867943947,4386.194210351422,1
309.22480456231114,5472.377471412718,0
494.8212673108899,211.76515015328246,0
858.0314137646018,8038.388154393647,0
783.7405825862735,7543.142681074519,1
402.6840144273752,6947.881034998071,0
955.1081771596026,7881.731033518221,1
318.96259342226347,4648.030114714269,0
253.64121721270095,5776.033664943839,1
307.56331855278427,4000.169298355958,0
795.4987937706572,3204.3764749128923,1
225.58527935444044,5267.840239140287,1
745.7013597937405,8008.710338601901,1
764.3575561131637,6037.23736870324,0
25.925945800378415,6692.481305254459,1
881.7951975632022,7766.829334310568,1
936.4167208472833,7840.510433355455,1
465.4207854926657,806.6584560505908,0
594.5817148668042,7567.306290507573,0
318.30547322442516,5687.040789628545,0
149.26987256301484,7395.365221302367,1
638.3874094852395,5640.867429085535,0
897.0494695143739,2542.2565284804186,0
636.4458879774696,4692.730074844191,0
986.9608123242242,614.2811850460117,0
118.75829180008948,986.5392783373051,0
842.0747024075239,9378.616364886342,1
231.27786876463324,9750.834037465798,1
572.7077446327562,808.6524069656454,1
29.268096996286392,5317.101269815436,1
588.9743625443302,3291.2463949775483,0
738.6092362302927,2288.5118551911987,1
356.82887454111244,2088.204205605144,0
719.239858412068,6436.255533061544,0
607.6553414698454,2181.1493239859315,0
37.67342928945256,5512.89397217487,1
812.5277212713127,4272.377402557858,1
52.68275840397839,3586.0343275221308,0
208.1671077934845,5414.618146776656,1
889.0587479009329,828.7693794647511,0
203.57705137997354,6388.375227943487,0
425.3265591279449,9663.47727717697,1
160.1660143503152,5296.1724040107065,1
493.1475567871026,1380.0049328767493,0
582.4528961404383,2820.616798779094,1
35.280140547871454,3517.884203405953,1
827.5894046514541,5474.244715150951,1
16.553783615300542,2286.995985074819,0
651.2103785983596,5617.770444222766,0
366.7045635831665,3825.2537262378773,1
55.25849313485613,9337.371264347676,0
726.0692019659588,4355.528318820767,1
588.6079269402985,3799.1399602158194,1
489.19382033026375,3084.8342714150876,0
34.2980304349678,5470.606908233172,1
758.2804621573173,2778.7480146089915,1
137.50850683851175,8832.855668004164,0
318.7103250133932,1966.3601149862209,1
967.7716645772131,9553.211396852797,1
963.8456305272657,2993.5697867227473,1
886.0544951494705,1364.7537363607887,0
934.187734160613,5836.3175895923705,1
269.75546546556797,622.3235570418461,0
41.819086359407855,140.9894125971889,0
848.6973940205497,9865.906202210943,0
543.5274771454565,6167.062117586657,0
752.6720721439374,7738.20169473717,1
721.0033274880165,5316.4265310563915,1
845.8070258703148,5822.451703340168,1
567.8042909090598,3409.7591566985166,1
643.5498260947029,9252.336804848821,1
613.7002742611318,4504.060691827746,1
279.4286330009966,9374.497786832955,1
521.24268922456,9704.467914149882,0
127.41110672933542,2023.3568346807263,0
19.649525033991946,9325.876734371677,1
182.18704333383084,9375.355115594499,0
872.3237059726654,766.9939807605308,1
540.5234224454267,4618.973959416379,0
130.1139131782603,3460.667766604929,0
94.18821540673521,382.4334105162752,1
875.592188699947,3387.678725290374,1
756.3154362692339,9746.394765208071,0
600.1771090938197,731.0787718511169,1
864.6657047855294,6557.5130838057985,0
359.2973377468371,1124.0260305058468,0
946.9289824429117,9230.078231194728,0
200.19137464525977,7020.726416864812,1
590.4220860658365,9475.209590887216,1
163.8541046146659,8409.345071608263,0
464.7646497310976,4208.380512277779,0
43.640819659692255,3450.41850732579,0
234.77252112836382,1142.394069464976,0
49.74311648232193,5198.622988775971,1
450.40886176109933,2358.0990253240184,0
84.02783224345265,7592.153245088932,1
822.9528900666277,4163.820746465908,1
447.1140095607493,5019.343355245115,0
682.8599323008657,165.0603560586683,1
514.426985612395,1327.6628599067285,0
362.63897355980026,7489.33634098117,1
81.08661236175134,5425.214249483682,1
766.8404064991201,6890.450034016185,1
255.52678348874753,3486.7590763474477,1
209.01800006873458,8203.699470398391,1
840.2015972948833,3185.835517540361,0
288.13237499257735,1923.6004029853016,0
726.5133101001231,645.1014284601054,1
17.206172315525794,5119.745807914601,1
32.400138116526065,2464.388845877422,1
778.8870076538132,565.4037379986676,0
331.6447225348899,2492.7752568687024,1
50.024659593249766,467.84797255978725,0
572.2935616660436,3141.094088488738,1
579.7930098085392,119.899072191737,0
154.28897707800954,6377.1390486920545,0
940.780398766441,3821.312421429789,1
339.25547262905064,3139.1884820925397,1
295.28329166194777,3926.7029711116106,1
851.9894696451912,7342.370937268757,1
838.7467283912234,537.7099394608454,1
594.0963669370077,4112.521426752195,1
31.990557136411972,3701.009006392095,1
436.1331274972104,6280.957419977292,0
677.7113686464896,9323.391116996969,1
635.5719278756042,8433.043900481398,0
272.42396250462815,8929.469977385193,1
543.0321842620541,6617.987188812849,1
399.54995383967986,7774.754392911064,0
412.8023265973203,4142.529385497182,0
385.6539404028729,6162.257789562948,0
806.9543178457393,3561.746742438634,0
591.1380899169844,4137.789479155373,0
499.26480006561167,7644.9685324749935,0
934.277690407969,909.3137572363929,0
385.5614085499628,329.8492764870009,0
248.60621080605452,5594.416423271347,0
323.25035853423196,4427.743798884992,0
669.7276994619994,4498.750154344871,0
566.5808654765705,5403.606493540626,0
635.1416019159299,8498.783857222968,0
755.7679926025767,7738.989675761175,0
103.58272380146859,3702.3142505978067,0
521.7661506614369,2308.6350021747194,1
782.3134326169213,9016.115547029343,0
893.5043668204529,3920.0100467107313,0
602.6071723065778,8701.587740799296,0
875.5206091383869,4409.035353768593,1
516.6759739159928,2886.934914349838,0
709.9233207924074,3532.858804248581,1
71.81920513827123,6936.18787560681,1
292.28098025924334,6455.029158046564,0
913.0698983185217,8236.98483728165,1
769.8414651250436,1600.8701896347666,1
877.3574292907622,6094.856456430207,1
725.905639278457,6352.134420245091,0
562.9033316706618,3876.9977536531687,1
244.26803431277247,514.3036682924574,1
935.8880432536106,4397.169418580907,0
378.3310006742276,6298.897775790795,0
532.4186709676753,8012.260169559252,1
934.597025086324,398.0012504782127,1
355.8396676474309,522.1484070942528,0
289.2459470288884,9301.088275158876,0
855.167640136984,6658.9536819086625,1
311.8710843907002,3228.321273748087,1
183.93046782130156,1002.9753781071671,0
255.89341560480722,8008.402452171609,0
607.4798417738314,7492.384757530498,1
515.0988351259616,9126.403260613304,1
128.6445958960647,7921.45483291632,1
788.5904354622501,9206.300084438992,0
727.7913337522887,2344.583731323707,1
839.8976045801477,3074.0321147008885,0
548.277957272286,2622.399378295085,1
983.7069652662567,6359.185315610814,0
331.70974780372393,3465.694003839548,1
990.5459156257708,3753.330686891546,0
769.3766766311379,8756.71679909796,0
329.0391067447823,1274.1255682139163,1
728.6012932012655,1099.4044037564222,0
418.89142114176,5083.340987011422,1
676.4535912279129,6668.020648949383,1
95.64463552512134,9750.97425230276,1
58.4884855031716,2426.5662343803083,1
655.3270640914167,9118.864751727006,1
616.7294390308231,7848.838794615703,0
478.18776624381087,1294.4645840300627,0
24.854238186698083,8809.797734148913,0
344.9855578576428,656.4772981296329,1
765.2851346390654,6245.1917682067815,1
230.3629719223112,5081.570012289934,1
93.03082809746441,3041.6356972785484,0
892.478429384549,2780.9930559175523,1
821.6892474705303,826.8797124015825,1
38.832391263488105,9311.79556249616,1
306.1685815408125,3099.49834212678,0
803.8564247670671,8148.979626295778,1
114.64202712561541,4068.438789380131,1
415.3696472181627,5888.2845615732995,0
86.68655807890545,2272.2691605617915,1
493.6859871993838,6507.713761065069,1
909.3652798085631,2274.098105598167,0
126.73119125105354,8381.552117712803,0
23.7356515456041,461.5234057653961,1
76.36743197279705,9963.379258292298,1
804.725561210349,2306.880802162089,1
122.26275267623603,5678.021513348523,1
845.5741348746387,2830.0706313140868,1
545.9971048786825,2648.9336897435455,0
605.2891622004659,639.1977621550715,1
43.87618105067135,862.2106697389387,1
826.476895304955,7663.07612349845,0
104.28592753292007,5735.963157852912,1
874.6383935385707,8104.505789085419,1
942.2013443038285,8293.325478161334,0
724.569693087347,4860.389152827846,1
171.14352898959004,1515.4850786095985,1
743.7562296390679,6708.192993374363,1
728.990143409124,7137.009916178101,1
812.2992479838097,7729.127653585295,0
327.25301572859513,8605.425451557301,1
650.5829319189977,1403.7114540073715,0
379.7903217543483,4699.949281153397,0
28.664119577559845,5407.626683004992,1
502.4353501706363,4949.829757876326,0
419.8057817131708,693.92362334038,1
414.7036544704276,4462.383940236235,0
290.51973410054234,381.94299918445586,1
351.89083806832497,2905.5222265081547,1
592.2760520048306,3559.1819869777787,0
429.3299702600011,8205.349774499284,0
206.28163080418045,2674.939168029471,1
961.7267120079537,9564.442766257058,0
498.76603940652603,2497.53375773595,1
746.1513411487804,342.66330719429527,1
428.2299029794083,27.402863705884293,1
71.0566631088997,5057.541650805159,0
261.8535600488785,2150.6502360817294,1
519.0147557436931,2230.609489335642,0
23.159499988592145,7836.067499212302,1
217.53971764787778,6449.111630583047,0
790.2089375448488,13.375728473796755,0
210.4361032640466,4159.93688592658,0
814.1861379859821,1714.3851926272946,0
860.7614498210853,3968.1210583338698,1
26.065970244634816,6565.835784561705,1
742.4906781238934,9483.65307213662,0
366.3156626020786,3035.1419777887577,0
440.13981701036545,2557.404665512828,1
504.3383116750796,1579.6063344754107,1
980.2227951306835,7040.443581882919,1
256.9973058860802,284.6632306412089,1
894.7863513583363,4339.475818905942,1
46.11536889285678,8467.832143854934,0
551.0360721476857,9797.801428458557,1
818.041776803769,601.9709165965692,0
182.0111000412141,9176.425392247409,0
422.2668646242495,4346.138764475275,1
852.2260301441074,6161.460366791795,0
370.4895428352059,1934.494857491067,0
172.93280427021597,5875.765400906593,0
900.0014023982567,7129.548310008578,1
553.6810373603839,277.09212443637,1
432.8782071950764,1558.6723972130644,0
512.0137350381831,6289.973046679687,1
948.5027377285512,3898.498935143707,0
44.60328790682962,1919.9549958807704,0
112.32321972301332,7605.771815927818,0
799.8058744000958,2738.105920612205,0
645.9276811427192,4144.931774939101,1
509.3653744253851,9301.992175818972,0
490.58046130137706,6993.642531065324,1
215.78660762453143,9842.547726715777,1
665.2904432301694,2917.960670725525,1
87.47216012882197,3210.0733874094367,1
988.8395997067238,2377.5760429058137,1
108.72465164527911,9496.916579430808,1
257.8527286983375,4267.821314503425,0
292.8362777704227,1457.9914136003958,0
611.2167022274742,1734.628090610213,1
289.12294169137857,6238.707313469315,0
190.85717525724644,5263.972321955205,1
409.22371065962415,1595.4265895993724,0
900.4716292188002,8146.929454284541,0
633.1149566153036,4811.997189821799,1
65.79712405078843,5429.3050719744515,0
62.387333039269656,9309.358404578328,0
707.849051684451,9741.029228980477,1
638.8651079015156,9233.302458227863,1
769.8699293560961,8006.957685880154,1
551.1010910803185,25.783833790119502,0
896.1340233866053,7795.061772084202,1
337.1724521364622,7077.548450113245,0
621.8277343827324,5705.439217631029,0
972.5032005204932,9974.485032930263,0
683.5967523275073,7073.485574148549,1
298.4460482480835,2023.568631981416,1
450.79194499047287,6506.49917690686,1
745.3086788278359,7771.175672343168,1
788.7274086201974,6877.11243260722,0
180.1846126973539,3576.120820990213,1
562.8126789656213,5643.6426403563955,1
204.1395514036337,6281.918941395143,0
190.29291010051116,3861.308917124283,1
329.07372176929067,8883.367915128589,1
165.81849943531034,4084.4097520262767,1
592.2263418789789,4603.933636310039,0
68.3862425571361,7613.212443718697,1
323.4910239297946,3213.041883914214,0
846.881690960898,8107.408991959284,1
422.16264175738416,5057.656694673808,1
214.32249540612582,1082.7701304929037,0
197.9382871314016,6649.338922606026,0
622.030334205581,3214.3196649794427,1
907.9809387564425,951.5131629595253,0
369.3674019269482,1330.8747904667805,0
251.83884608157717,5607.714169169173,0
894.0118735894227,3701.867190823337,1
567.379181386624,7191.701668033707,1
369.1397360260473,3124.445009061448,1
836.2618927944969,4321.40338873695,0
21.900882986612316,5397.272805004774,1
406.36903881365305,2251.5791101337923,0
802.474928830088,1783.731354659207,0
115.2605400387116,6473.926494442701,1
562.8959186326033,9403.112103299847,1
361.7403543983659,901.6096543676266,0
826.3745670933123,3544.2689770493585,0
832.5070927078838,4947.229885556373,1
114.74864197586305,8032.938338849293,1
374.7479596942034,898.8902209672978,1
302.69676919590984,4606.282868031236,1
804.3837015803228,3788.9692462647827,0
86.04457089438688,4148.73716594522,1
22.56036379121329,1276.8526437264095,0
653.5682069534637,9160.012341958465,0
365.96448393816826,6816.559107645469,1
294.5136678658409,1243.411013938831,1
378.14913078170497,1690.0276606149635,0
735.9297427018139,7236.488591679684,1
379.6685149391505,9349.094308522383,0
433.25594409055066,7723.398703186861,0
114.09049435183266,8694.969641138357,0
890.3312606024787,2885.0894656037785,1
406.4489161300381,1767.7315314831565,0
985.5730638147123,405.43983335030066,0
983.1902685683888,6921.14322750132,1
832.1648735158809,7344.836673687793,1
101.12585091221413,7616.101440993855,0
394.9735124308527,5726.576469498977,0
837.4624665903999,3229.06764431505,0
550.9034138261275,5728.472716812609,0
737.0062506520769,7641.964571807066,1
626.9126597048128,2475.2825694557,1
382.8102162019964,1644.1354601196545,0
459.7553032433175,2662.812226390181,0
156.1884268624876,8362.459832954934,0
755.9748477047559,8082.990834111262,1
391.1661096690391,3012.2733978625106,1
584.2318179734093,7287.6837879568875,1
272.032826186539,2403.1466040067094,0
583.6035360994912,850.1067997597645,1
238.62600955888286,3951.751526333763,1
776.2600828243349,5998.37677649388,0
645.976502651758,9075.677744656834,0
587.3244320604158,7321.8771756805245,1
246.60692691626193,2782.2225618191856,1
403.0567722525295,8554.233818371466,1
570.9376297915132,5573.18489114087,1
774.0004561555853,5156.914438749308,0
794.8827668128367,6727.347365853987,0
862.0382039398269,3641.4667581068284,0
324.0078544045768,190.75862793541341,1
903.3446260832217,7082.681596164578,1
28.640858506135583,5891.528271737795,1
866.8518305767562,7638.218742762128,0
363.1735058775186,3253.5615559197727,1
872.8034506130359,2181.892947574584,0
222.54032596746612,5967.211933068799,1
18.655285422717807,4959.20103620521,0
70.13467414570687,4342.787443828409,0
141.94899393032972,3986.455808732339,1
906.3523390445195,9654.391657868979,1
609.0164686086613,2189.160392619499,1
246.93605996818016,1017.5071557261672,0
343.0685562455023,9208.976762010405,0
264.42437766890083,7570.500807807172,1
469.19963726335953,5659.257802684823,1
849.4251558392782,688.0783391893098,0
774.6859203513661,4225.385313293678,1
208.63763815940607,1072.2993478083677,0
792.6550086545395,8046.037435345275,0
713.1182536032084,1326.2321362954322,1
717.0856615955065,6975.365197546973,1
852.2390581842579,3671.838898189322,0
796.2017477844793,5836.1266494482425,1
271.55859709732823,655.3524646262898,0
980.455920619041,5925.5570186605755,1
841.6052493373033,5594.402374355686,1
980.6987683749923,1641.2552247942747,1
524.0212046540804,7903.5584774897015,1
455.6362442161734,2328.6281961789546,1
772.0531112246672,5767.425680534139,1
959.6627405994151,9874.2093634829,1
76.64466030092414,7402.621070379301,1
439.8913999122658,5775.945733278239,0
701.4454904730566,7647.981061727639,1
838.6582259383474,8704.651812708496,0
572.8486547835913,2511.1002320611474,1
535.7360189381799,4684.034663643068,0
969.2361347470534,8170.474964683672,1
609.6796448732393,4670.950927185144,0
71.43034363715498,1277.7836414949106,0
86.63554845801603,6817.038722227531,0
102.24145551658165,917.5159931434885,0
519.0382824454937,6468.115491580722,1
488.822412222974,512.2449279909924,1
983.8055775707841,849.4923492198114,0
946.6745116173672,5970.876800656868,0
197.24331244754558,1459.3385616381172,1
57.58107125774654,8121.997619072223,0
588.3997283173287,4531.57924465934,1
266.9976900840854,3522.9127974699313,1
175.92846326625497,909.8450500030119,0
871.290391103604,9776.09859914798,0
792.6669437791732,7662.523963464502,0
467.342705806131,6779.805581947759,1
870.3907480501464,3793.5385070324355,0
811.607574037557,1394.4644684883135,1
814.96145067676,9348.768704421464,0
410.6429171970283,9852.121952714702,0
108.38545857534113,6026.843937377563,0
58.25871720883999,6927.37743842064,0
533.3631060178902,993.4123025100628,0
18.153353802681977,5266.022701428278,1
185.62977324141565,611.0770519962472,0
644.2805556070305,4027.886564229549,0
354.4912129687436,1128.553419383338,0
565.1863218659448,7683.37587017904,1
145.57839179898377,9579.24218430123,1
435.8506683768822,483.2586551529816,1
98.63989764179182,3721.955078881697,1
269.3834894604483,9741.07843947211,1
242.31549557612647,625.6281973972211,0
721.9449238670588,215.46206871005836,0
506.2048805843171,76.4701767909337,1
763.0569621927882,1441.9758104938596,1
36.56330002859391,2804.9315037658707,1
949.279912523768,7070.876137396007,0
908.807528280188,8689.608539446994,0
76.5479763536186,7272.203477469238,1
140.02961738232145,6748.730093310474,1
993.329981424728,3340.7345235060625,0
63.88027953814112,4297.735775452226,1
460.0126216884211,5433.630897203125,1
946.2568877139479,927.3492808343952,1
725.6032394307232,618.4654462012618,1
207.23803617824322,5949.564035935093,0
636.2426234867164,7859.7447823225775,0
357.85433952610856,959.6142694345389,1
759.9652782831122,3408.6829503432823,1
32.70956032763205,8969.224934669466,1
183.14828151251226,2345.354483026123,0
78.89718259953838,8703.90774531103,1
610.2898948687761,3044.7689942797806,1
906.4593218725664,8835.966101497355,0
76.96241069685128,6014.744467462207,0
285.67798974439387,6631.32293418596,0
78.62790083103638,2348.671997387497,1
883.1106342500517,5168.835161904126,1
368.4502957727729,7758.99849745568,0
104.31964727805253,937.8538355618438,0
148.01586085856655,6142.964014135969,0
234.96499549638685,9025.782487629975,0
517.0918039125959,5547.9046132786825,1
540.5497314756409,2802.9980806812237,0
477.93768853824946,2912.5434572073636,1
969.3286896682674,3296.1368934247557,0
762.2713970777064,1157.0075670416159,1
732.5078361979291,1265.851418428694,1
341.2321395429383,482.5539541688517,0
392.58426257910855,7740.248023958884,1
467.5563038545138,9646.02142467417,1
779.1318765092152,3437.8216888305847,0
990.2921352401976,3939.646103638911,1
98.04917793760293,9669.820576232178,1
867.0608174955208,9043.505395626587,0
477.4323592079783,1673.122081358458,0
312.70567665162355,9127.970554292227,1
273.71118198760297,635.3725481016836,1
829.4905831153563,8818.256926747812,1
299.2031376590915,3406.0990565222705,1
328.20691821204605,4195.642861060679,1
999.837663754026,1054.1872274517682,0
962.0529298403276,4601.572616498246,1
702.2788778148823,5483.253786443016,1
400.53889527559375,926.8365997942896,1
472.4129679012053,2501.4011011279213,1
915.7116075985938,9449.315107188306,0
733.2747880326904,2873.0862924396038,0
931.0907144502214,2208.3751291670474,0
684.4439524108977,4940.343223489134,0
295.6714669195667,3111.006857654107,1
750.4542366201892,8124.06014707315,1
329.8283548697031,3323.039680132329,0
291.3943728743024,932.487137663257,0
793.3166035007013,576.0952664965457,0
103.50939445244259,6167.984405966574,1
453.4634944635674,6974.474373976557,0
868.3417207615328,4069.7061270929526,0
312.30114682976557,4669.685864761505,1
442.8164964080347,9117.883013636827,1
278.03181472951275,2835.895804786831,1
881.6054643589063,4687.498521862241,0
708.7438338707882,6671.893968825878,1
384.3044812683186,625.5422568780978,1
614.7108143817012,9977.571268789337,1
156.71057465422072,345.85989529758774,0
27.185115699008996,4650.240708969359,1
207.98753241082366,9102.632476876177,1
182.26926867790675,6748.061852805269,0
419.87369928128186,5959.930059983688,1
771.1726668430875,6951.327435540971,1
359.8740362898303,6218.906997586373,0
234.677895580674,8816.107383678242,1
920.9733262579193,660.9958087989631,0
271.3184523631596,7731.669611604827,1
116.22016334815218,8362.152336055095,1
406.3029692325428,522.3879980735413,0
675.7649181430912,4432.588693238729,0
654.8199480460545,9877.017778198433,0
579.3922897224261,7835.471129662575,1
503.65304819108894,5515.484366921099,0
633.8801661463638,1643.7516858179313,0
282.57929614894897,1842.0176317279324,1
815.316653199079,4399.751729145261,1
854.5959224186416,5832.039891599552,1
479.4249938447402,5061.6173352288715,0
882.3260961649598,4178.978659111572,1
597.350039264764,9102.061348599722,1
763.8271561300116,8100.332618613426,1
884.235494513879,6158.611717582282,1
259.83118282586116,9279.241468526374,1
164.27827790133753,9672.917500616535,0
592.6439179927115,3449.7131739557294,1
547.3869373191457,9993.529758926563,1
847.6152443051543,4545.742863575119,1
201.14622636895788,526.8102670595875,0
663.7806663217713,1862.9706391059276,0
70.88383775865461,893.1023981925867,0
898.4332084363299,8201.424896862296,1
231.1810369124979,7853.411205851965,0
18.7561278713328,7101.532442787126,0
748.8632189927092,8183.747770190023,1
954.6341295709595,2630.447336565677,0
62.935173892448,7487.357701918226,1
88.77861249494336,171.03319597054357,1
857.6330743673623,3352.165782034112,0
995.8036994746253,9096.894051462541,1
490.6448477991301,4177.832233701499,1
902.7605020041157,3249.7696542295275,1
129.22963402044354,3467.9391125552115,0
901.0832297022286,7833.321542603856,0
750.5946965797747,8838.682712266529,1
887.2187700592627,6521.680285650573,0
638.0956789024117,2609.524025581319,0
18.067102317456786,8967.094790906718,0
235.65382409040546,9554.959287196514,1
668.3182978352025,8828.930296278164,1
970.9824784602112,5467.213667343524,0
191.36349286617775,4637.41176472055,0
67.27125507654944,9141.787763320139,0
711.6359550707522,9282.106055444372,1
289.93246189263203,8899.73872503358,1
397.1350306921927,2298.5300382167316,0
156.98555318784122,945.7103171179338,1
33.53832756707274,9577.65531296007,0
485.1236609791699,429.58700022022623,0
851.0178989329461,5634.396102014224,0
377.2661844641513,1765.9813354939802,0
991.6570431669875,9298.746302608259,0
803.1548017193796,6292.032407358711,0
224.38708429202444,3709.0066210883765,1
417.31282035688673,3197.6590585023514,0
166.85141840254,1469.6931781114286,0
132.83118227501475,8381.850500026168,1
640.4726494976064,767.867644964122,0
966.3970578112848,3356.7610369457743,0
372.1076286094363,283.0142184623574,1
755.1315674470728,8531.073727804374,1
473.5657821046066,4479.540785191006,1
503.08866205585696,8686.906622472143,0
608.4444262686661,1516.483196123204,0
909.4178720862418,4101.724610731247,1
853.7383660179977,8789.312679619963,1
358.9734339394537,7301.525474770682,1
615.4877940251561,4917.768816673545,1
958.3750396447609,3766.5482871921276,1
214.58278028049057,6115.597760006255,1
689.1600314101636,5569.029105403825,1
432.4510535428439,9215.291538291627,1
828.2297766700001,8087.479338240031,0
695.9288365716576,6918.705253242596,0
727.2253695918299,4279.518350550657,1
878.8733933554148,2692.5367222935383,1
912.4825301078369,5824.594143817294,0
901.4265368837164,7347.761803583792,1
729.4265854745415,1363.5229281760664,1
872.8156256440175,7733.050880505327,0
310.3192048172656,4713.033047500282,0
309.9988787299881,744.8114651047255,1
131.59507111890775,9825.568611216246,0
683.8161714942432,6159.979270150126,0
986.4360787333071,6168.191496394795,0
249.33790171425179,7862.753423103398,0
234.65004951108844,645.7113117842939,0
398.6856870895499,9432.672413977209,1
879.7691618060351,9227.644883432817,0
109.39252435892753,3591.721933205314,1
784.2662136904039,635.5695812470564,0
990.1160129769792,865.9966579283584,0
516.1340634919845,1780.4627078837098,1
223.12272534898986,5776.0855112213285,0
301.3557842844591,1605.8384228704326,1
512.1335440575269,484.0447468040743,1
624.3712190649649,7331.9140843131045,0
939.836360319155,8895.325073692235,1
904.1889546730924,7014.3368491066085,1
644.2909049492603,8941.636621757923,0
416.0503947489705,224.34929751135257,0
961.5013885803166,214.01561358860954,1
725.9969438115166,3808.9773238578905,0
403.80599219976557,8020.0094219250395,0
137.5967531268883,4203.328157047099,0
693.3398927462298,1624.9893699823426,1
878.2446212553649,1727.1137827942762,1
289.62818864938725,677.3730986410199,0
646.7360371965729,3853.9619935484825,1
391.35290712071986,7480.855189287706,1
913.8042462818413,4147.444103032099,1
884.7908713324949,7344.8103781103755,1
757.7320181212934,8817.000438831643,0
487.8158359249611,3257.3850041055875,0
361.5208393153856,2568.4976608559305,1
957.0770882289181,9951.346583338463,1
780.2294261022316,7083.772993010963,0
420.0209600510255,1894.2447551501984,0
472.0412646434392,8546.767790574962,1
455.53790062488713,1908.7695923778103,1
675.5961861487965,6038.8384308615805,0
727.4201752855131,8646.978264850093,0
365.20691199386647,6518.0477207847,0
322.5392150413649,1721.6493342700478,1
778.5599625579148,592.6337107571711,1
70.78452208607376,8893.874776055327,1
996.0878386838405,9926.690969127869,0
476.3889329467243,7901.159462461812,0
905.708513562494,1461.4091486277248,1
628.7075144524176,8664.665960631108,0
497.1265575914818,5252.8109017338,0
692.7673236167113,5090.577103463715,0
416.34959488636036,8124.569467298452,0
898.2444635187067,6412.1635586966495,1
645.5436969957883,8002.150292775699,1
760.0497080478433,6715.324733313599,1
242.71513762585997,4349.321461221206,0
674.4422338755949,2771.105140781642,0
319.1580650192113,2205.3354202862906,0
416.892947608402,2660.161943221315,0
699.1701749213888,5130.524581092111,1
759.1322087953811,5727.747415694807,0
557.4831506602295,7978.545135994886,0
682.861584957767,7845.625326366637,0
73.88713738569473,2907.676536514071,1
252.8820147302899,105.04812176470368,0
706.3705308347897,4978.161967309701,0
210.56290528841365,4749.987691391354,1
988.1534035180534,5218.225463908138,1
475.8867025560106,9620.701709183839,0
244.56822948509569,290.8653894988511,0
996.1253699422297,7817.144366051517,1
136.2140044027853,9768.705998789517,0
212.56236159968617,6300.59569441717,1
26.01319792321024,5250.091427001745,0
381.3533605759374,9918.823578143247,1
722.826470114457,2934.127393235708,1
117.25032788041028,6012.129330678472,0
88.0436345200256,2026.7485583397226,1
465.29492578281724,5696.09965206293,0
423.63742409523235,1912.3067999890154,1
253.32927765362936,4744.202455752448,1
963.3428144702564,8592.119388309497,1
941.8625362768827,5079.984999868619,0
745.8989661846136,5756.112024657775,0
239.45767127718122,5650.695252643844,1
511.2645734226406,3738.3038446386195,1
247.8209472059424,483.0236692968981,0
997.0381033310518,2729.2215633088945,1
604.3676932008876,6353.865645744123,1
929.071882467482,9317.96165579425,1
304.02016053822143,5673.102133415534,1
280.9351968748856,3347.1953941111456,0
593.1827029862584,1881.2085075555606,1
165.81681871323767,3004.3628403450375,0
711.0284900050048,2334.056633422155,1
969.9297227725564,8188.840500086424,0
300.3017015687088,2461.6452189152137,0
11.451895335293328,4410.666095202431,0
72.22454691379886,2615.5534884829735,0
290.66982077684435,1309.0970468199214,0
25.581285304272335,4648.963603140075,0
660.1931376001428,1488.9633264935565,1
533.7756001003308,3682.150498635863,1
232.15866870908832,9114.478026064293,1
78.12613084493061,2525.653353463251,1
977.9918211177744,9302.36186481641,0
917.3095119705346,2397.8668674421997,1
381.3767059571718,8038.847664957644,0
419.05346692126335,1772.2282226636287,0
673.3223754425285,4693.784277001757,0
702.5361223222047,9674.62617124874,0
696.0501774938416,4804.79870694771,1
689.6449426861121,7772.982796859143,0
448.31906806905755,8978.096740065143,0
516.8580853088624,8376.9634197893,0
499.2125793295195,5458.258505059584,1
961.4257826467098,7791.917944103348,1
701.9949354134245,282.73021127534713,0
31.530338720341653,1361.4521129578038,1
653.8619285749354,4756.9497446599225,1
661.3807405947747,403.98647064699975,1
807.3572156577134,4218.198568938545,1
443.45498851895127,9056.893304813226,1
513.0852448664937,6293.365536043256,1
602.3463997209268,3706.624399816607,1
246.32306197801145,3567.7006330923077,0
426.0555739796608,7630.649011766436,0
961.3771690015672,4898.190608858256,1
582.0200247328909,4439.291115704268,1
521.0897580452495,2220.059603541139,0
526.0107243229164,1886.5038267038392,1
335.4293085003106,3999.0864413057193,1
535.6016397189305,748.319517823064,1
702.714350307608,244.30803770078225,0
495.71791758908813,6723.359694859701,1
99.18096855286906,9342.172609357514,0
815.5781160486533,3882.540401061232,0
637.5174947994484,3152.4817345615807,1
158.63324490238924,2924.8556030851137,0
905.6760509393749,5289.124770015386,1
269.3566626948064,874.5180210528969,0
28.17451744494339,308.1541060919879,1
848.7023387281805,1155.1093738649022,0
236.84430461415528,9182.908466469806,1
22.23699444408574,7395.548510184403,0
379.74673851514746,685.7723605203048,0
862.6031552907057,9535.079683199785,0
514.2921176242833,7905.227313493858,1
889.8921077087458,5467.854839104932,1
622.1155830742551,3910.579628626496,1
126.31170920192427,2683.595351160065,1
871.4639100112885,6227.642124651853,0
311.49691074019063,462.47231641894257,1
824.3430249324709,3528.702054722239,1
608.0685136927135,3802.79411817821,1
888.67220893213,4258.41894522204,0
693.2096956384967,458.40314719125416,1
14.595991141227728,9452.714480593182,1
128.1069683101979,2394.4175374129163,1
842.8551479348133,5389.007879497789,1
586.8526774124418,6509.8986417959895,1
416.248035212805,1248.8865885264465,1
674.1134470609843,3914.7470641263003,1
954.0957266199478,5123.580769800072,1
586.1249582735063,4309.491974419491,0
961.7180581968253,8802.38189424596,1
707.4702188476016,1272.9832228446924,1
11.528222588919144,1594.6095876966215,0
595.8952741886366,5289.586902365994,1
821.8693428470112,1619.6872755273928,0
833.7858103397895,9942.492389028916,1
488.40003300883,4167.882196318282,0
809.9834557680322,5978.278393269838,0
741.8013058802497,2634.1868023032575,0
264.53357968421153,7728.425905296268,0
756.7002054915586,2037.3507349172005,0
321.1143983268094,5988.374428052613,0
325.4486703702432,3556.1606031038186,0
445.0167483974399,6438.756687704509,0
569.2211985086179,5243.358496546057,0
994.315869106297,5465.612926305027,1
460.395718620847,3965.51892005751,1
953.1165796620313,7407.143306993425,1
922.4059354787324,5445.833010338906,0
767.3707129358877,9886.308226611678,1
